Image Number,Tract,Visit,Patch,xcoord,ycoord,ccdnum,Catalog ID
0,0,303601,25,225.814912455,98.684397753,10,130395679552962672
1,0,303601,25,1403.06188839,120.80032618,10,130395679552962673
2,0,303601,25,1516.43909008,1003.78027699,10,130395679552962686
3,0,303601,25,65.1802036606,1104.33569582,10,130395679552962689
4,0,303601,25,833.966665819,1123.72955095,10,130395679552962690
5,0,303601,25,1738.0307624,1121.59838067,10,130395679552962691
6,0,303601,25,946.939032402,1242.380248,10,130395679552962694
7,0,303601,25,1088.03760533,1301.20129008,10,130395679552962696
8,0,303601,25,1336.35339993,1581.76940353,10,130395679552962701
9,0,303601,25,1873.65148361,1588.08288485,10,130395679552962702
10,0,303601,25,584.127073084,1656.68823682,10,130395679552962703
11,0,303601,25,1900.57419337,1729.02633985,10,130395679552962705
12,0,303601,25,1631.44185425,1759.19937218,10,130395679552962706
13,0,303601,25,88.7228844838,1777.024061,10,130395679552962708
14,0,303601,25,1957.73546757,2173.758063,10,130395679552962711
15,0,303601,25,1308.73950446,2208.51391474,10,130395679552962712
16,0,303601,25,272.458757447,2314.01197155,10,130395679552962713
17,0,303601,25,1651.79344968,2437.37281197,10,130395679552962716
18,0,303601,25,1861.13793165,2595.25611405,10,130395679552962718
19,0,303601,25,73.7444537615,2715.92896487,10,130395679552962719
20,0,303601,25,1003.69440147,2799.76195568,10,130395679552962721
21,0,303601,25,1913.87059958,2960.39527181,10,130395679552962724
22,0,303601,25,1444.39771683,3025.64687859,10,130395679552962726
23,0,303601,25,1715.61912929,3038.77125296,10,130395679552962727
24,0,303601,25,42.5551426656,3091.82749572,10,130395679552962729
25,0,303601,25,795.938666651,3205.00145462,10,130395679552962731
26,0,303601,25,1744.47620688,3246.75136936,10,130395679552962732
27,0,303601,25,1168.9273619,3257.21826428,10,130395679552962733
28,0,303601,25,1795.82005797,3290.98584985,10,130395679552962735
29,0,303601,25,488.834491004,3363.11570942,10,130395679552962737
30,0,303601,25,104.921753704,3654.07568125,10,130395679552962741
31,0,303601,25,430.439405849,3695.83251218,10,130395679552962742
32,0,303601,25,406.644916523,3711.87645554,10,130395679552962743
33,0,303601,25,1094.15709419,3718.29102344,10,130395679552962744
34,0,303601,25,115.524903116,3951.63946895,10,130395679552962748
35,0,303589,25,251.642543586,106.686711734,10,130390525592207453
36,0,303589,25,1437.17515678,158.276776894,10,130390525592207454
37,0,303589,25,838.104239313,811.068975809,10,130390525592207464
38,0,303589,25,1763.81580578,1124.47436538,10,130390525592207471
39,0,303589,25,856.184194478,1131.93860165,10,130390525592207472
40,0,303589,25,1116.08617266,1307.96435457,10,130390525592207476
41,0,303589,25,1661.37415069,1376.90019987,10,130390525592207477
42,0,303589,25,1784.04127028,1581.10949377,10,130390525592207482
43,0,303589,25,1655.02055303,1766.97594867,10,130390525592207484
44,0,303589,25,1759.21863419,1887.16979656,10,130390525592207486
45,0,303589,25,453.053887086,2054.96679183,10,130390525592207488
46,0,303589,25,102.974339908,2752.84472969,10,130390525592207493
47,0,303589,25,1469.05457643,3032.99512353,10,130390525592207498
48,0,303589,25,1115.34032768,3048.61157883,10,130390525592207499
49,0,303589,25,837.907381817,3238.01831525,10,130390525592207502
50,0,303589,25,1519.02076676,3259.7780814,10,130390525592207503
51,0,303589,25,1816.97606522,3298.85815972,10,130390525592207504
52,0,303589,25,511.575578528,3368.47676861,10,130390525592207506
53,0,303589,25,140.938603128,3685.9387178,10,130390525592207511
54,0,303589,25,453.818350916,3701.68452434,10,130390525592207512
55,0,303589,25,142.044787483,3957.78954608,10,130390525592207516
56,0,303589,25,1467.13454689,4041.00316288,10,130390525592207518
57,0,303597,25,243.640709874,101.605169338,10,130393961566044255
58,0,303597,25,1422.33676526,133.171268578,10,130393961566044256
59,0,303597,25,1102.1687112,611.530561853,10,130393961566044264
60,0,303597,25,828.949161593,806.770186898,10,130393961566044267
61,0,303597,25,82.9669799378,1106.63683407,10,130393961566044273
62,0,303597,25,851.953737568,1127.21788154,10,130393961566044274
63,0,303597,25,1107.91078715,1303.73716364,10,130393961566044278
64,0,303597,25,1653.34705997,1371.40280681,10,130393961566044279
65,0,303597,25,104.17157047,1779.26978632,10,130393961566044286
66,0,303597,25,367.787313619,2422.05201443,10,130393961566044291
67,0,303597,25,91.794071715,2728.06836593,10,130393961566044293
68,0,303597,25,126.930313857,2800.30517868,10,130393961566044295
69,0,303597,25,1017.8409955,2802.04345048,10,130393961566044296
70,0,303597,25,1929.99118664,2963.24097051,10,130393961566044299
71,0,303597,25,1460.97889142,3029.0048768,10,130393961566044301
72,0,303597,25,1731.11887855,3040.37646532,10,130393961566044302
73,0,303597,25,1107.96023947,3042.57636176,10,130393961566044303
74,0,303597,25,59.2885338012,3093.52985506,10,130393961566044305
75,0,303597,25,818.012480891,3215.9389526,10,130393961566044307
76,0,303597,25,1185.14270439,3260.12890302,10,130393961566044308
77,0,303597,25,506.655419284,3365.72409328,10,130393961566044310
78,0,303597,25,125.02648802,3664.09862666,10,130393961566044315
79,0,303597,25,283.037734299,3720.08664878,10,130393961566044316
80,0,303597,25,1110.80200362,3720.47120785,10,130393961566044317
81,0,303585,25,1423.0782412,172.072091686,10,130388807605289036
82,0,303585,25,1100.11084022,1316.83274619,10,130388807605289054
83,0,303585,25,1882.58679383,1599.21886291,10,130388807605289059
84,0,303585,25,1871.07188957,2605.26026836,10,130388807605289067
85,0,303585,25,88.9338672706,2765.01730257,10,130388807605289068
86,0,303585,25,1724.908074,3048.89331264,10,130388807605289073
87,0,303585,25,827.90221599,3250.00219407,10,130388807605289076
88,0,303585,25,129.100252018,3697.00489396,10,130388807605289083
89,0,303585,25,122.342858199,3962.04204717,10,130388807605289087
90,0,303593,25,255.437562699,106.777284839,10,130392243579125847
91,0,303593,25,1437.99729444,148.900757147,10,130392243579125849
92,0,303593,25,842.985180723,812.70714957,10,130392243579125859
93,0,303593,25,1544.99424094,1009.15582299,10,130392243579125863
94,0,303593,25,862.073684939,1133.07298535,10,130392243579125865
95,0,303593,25,1664.30589453,1377.72862911,10,130392243579125869
96,0,303593,25,615.774358026,1662.63708399,10,130392243579125874
97,0,303593,25,1658.90994558,1767.22222969,10,130392243579125876
98,0,303593,25,301.679830281,2320.9572782,10,130392243579125880
99,0,303593,25,1890.78149054,2603.74439835,10,130392243579125884
100,0,303593,25,105.031429646,2742.90427203,10,130392243579125885
101,0,303593,25,1472.8971067,3033.92944826,10,130392243579125890
102,0,303593,25,1743.93921506,3045.96069701,10,130392243579125891
103,0,303593,25,71.7762101394,3097.43013939,10,130392243579125893
104,0,303593,25,835.932603006,3229.97583906,10,130392243579125895
105,0,303593,25,1195.00903781,3266.64087898,10,130392243579125896
106,0,303593,25,1823.09872244,3298.05800526,10,130392243579125897
107,0,303593,25,140.988253986,3678.01684607,10,130392243579125903
108,0,303593,25,1122.49590242,3722.92863534,10,130392243579125904
109,0,303601,25,225.814912455,98.684397753,10,130395679552962672
110,0,303601,25,1403.06188839,120.80032618,10,130395679552962673
111,0,303601,25,1516.43909008,1003.78027699,10,130395679552962686
112,0,303601,25,65.1802036606,1104.33569582,10,130395679552962689
113,0,303601,25,833.966665819,1123.72955095,10,130395679552962690
114,0,303601,25,1738.0307624,1121.59838067,10,130395679552962691
115,0,303601,25,946.939032402,1242.380248,10,130395679552962694
116,0,303601,25,1088.03760533,1301.20129008,10,130395679552962696
117,0,303601,25,1336.35339993,1581.76940353,10,130395679552962701
118,0,303601,25,1873.65148361,1588.08288485,10,130395679552962702
119,0,303601,25,584.127073084,1656.68823682,10,130395679552962703
120,0,303601,25,1900.57419337,1729.02633985,10,130395679552962705
121,0,303601,25,1631.44185425,1759.19937218,10,130395679552962706
122,0,303601,25,88.7228844838,1777.024061,10,130395679552962708
123,0,303601,25,1957.73546757,2173.758063,10,130395679552962711
124,0,303601,25,1308.73950446,2208.51391474,10,130395679552962712
125,0,303601,25,272.458757447,2314.01197155,10,130395679552962713
126,0,303601,25,1651.79344968,2437.37281197,10,130395679552962716
127,0,303601,25,1861.13793165,2595.25611405,10,130395679552962718
128,0,303601,25,73.7444537615,2715.92896487,10,130395679552962719
129,0,303601,25,1003.69440147,2799.76195568,10,130395679552962721
130,0,303601,25,1913.87059958,2960.39527181,10,130395679552962724
131,0,303601,25,1444.39771683,3025.64687859,10,130395679552962726
132,0,303601,25,1715.61912929,3038.77125296,10,130395679552962727
133,0,303601,25,42.5551426656,3091.82749572,10,130395679552962729
134,0,303601,25,795.938666651,3205.00145462,10,130395679552962731
135,0,303601,25,1744.47620688,3246.75136936,10,130395679552962732
136,0,303601,25,1168.9273619,3257.21826428,10,130395679552962733
137,0,303601,25,1795.82005797,3290.98584985,10,130395679552962735
138,0,303601,25,488.834491004,3363.11570942,10,130395679552962737
139,0,303601,25,104.921753704,3654.07568125,10,130395679552962741
140,0,303601,25,430.439405849,3695.83251218,10,130395679552962742
141,0,303601,25,406.644916523,3711.87645554,10,130395679552962743
142,0,303601,25,1094.15709419,3718.29102344,10,130395679552962744
143,0,303601,25,115.524903116,3951.63946895,10,130395679552962748
144,0,303589,25,251.642543586,106.686711734,10,130390525592207453
145,0,303589,25,1437.17515678,158.276776894,10,130390525592207454
146,0,303589,25,838.104239313,811.068975809,10,130390525592207464
147,0,303589,25,1763.81580578,1124.47436538,10,130390525592207471
148,0,303589,25,856.184194478,1131.93860165,10,130390525592207472
149,0,303589,25,1116.08617266,1307.96435457,10,130390525592207476
150,0,303589,25,1661.37415069,1376.90019987,10,130390525592207477
151,0,303589,25,1784.04127028,1581.10949377,10,130390525592207482
152,0,303589,25,1655.02055303,1766.97594867,10,130390525592207484
153,0,303589,25,1759.21863419,1887.16979656,10,130390525592207486
154,0,303589,25,453.053887086,2054.96679183,10,130390525592207488
155,0,303589,25,102.974339908,2752.84472969,10,130390525592207493
156,0,303589,25,1469.05457643,3032.99512353,10,130390525592207498
157,0,303589,25,1115.34032768,3048.61157883,10,130390525592207499
158,0,303589,25,837.907381817,3238.01831525,10,130390525592207502
159,0,303589,25,1519.02076676,3259.7780814,10,130390525592207503
160,0,303589,25,1816.97606522,3298.85815972,10,130390525592207504
161,0,303589,25,511.575578528,3368.47676861,10,130390525592207506
162,0,303589,25,140.938603128,3685.9387178,10,130390525592207511
163,0,303589,25,453.818350916,3701.68452434,10,130390525592207512
164,0,303589,25,142.044787483,3957.78954608,10,130390525592207516
165,0,303589,25,1467.13454689,4041.00316288,10,130390525592207518
166,0,303597,25,243.640709874,101.605169338,10,130393961566044255
167,0,303597,25,1422.33676526,133.171268578,10,130393961566044256
168,0,303597,25,1102.1687112,611.530561853,10,130393961566044264
169,0,303597,25,828.949161593,806.770186898,10,130393961566044267
170,0,303597,25,82.9669799378,1106.63683407,10,130393961566044273
171,0,303597,25,851.953737568,1127.21788154,10,130393961566044274
172,0,303597,25,1107.91078715,1303.73716364,10,130393961566044278
173,0,303597,25,1653.34705997,1371.40280681,10,130393961566044279
174,0,303597,25,104.17157047,1779.26978632,10,130393961566044286
175,0,303597,25,367.787313619,2422.05201443,10,130393961566044291
176,0,303597,25,91.794071715,2728.06836593,10,130393961566044293
177,0,303597,25,126.930313857,2800.30517868,10,130393961566044295
178,0,303597,25,1017.8409955,2802.04345048,10,130393961566044296
179,0,303597,25,1929.99118664,2963.24097051,10,130393961566044299
180,0,303597,25,1460.97889142,3029.0048768,10,130393961566044301
181,0,303597,25,1731.11887855,3040.37646532,10,130393961566044302
182,0,303597,25,1107.96023947,3042.57636176,10,130393961566044303
183,0,303597,25,59.2885338012,3093.52985506,10,130393961566044305
184,0,303597,25,818.012480891,3215.9389526,10,130393961566044307
185,0,303597,25,1185.14270439,3260.12890302,10,130393961566044308
186,0,303597,25,506.655419284,3365.72409328,10,130393961566044310
187,0,303597,25,125.02648802,3664.09862666,10,130393961566044315
188,0,303597,25,283.037734299,3720.08664878,10,130393961566044316
189,0,303597,25,1110.80200362,3720.47120785,10,130393961566044317
190,0,303585,25,1423.0782412,172.072091686,10,130388807605289036
191,0,303585,25,1100.11084022,1316.83274619,10,130388807605289054
192,0,303585,25,1882.58679383,1599.21886291,10,130388807605289059
193,0,303585,25,1871.07188957,2605.26026836,10,130388807605289067
194,0,303585,25,88.9338672706,2765.01730257,10,130388807605289068
195,0,303585,25,1724.908074,3048.89331264,10,130388807605289073
196,0,303585,25,827.90221599,3250.00219407,10,130388807605289076
197,0,303585,25,129.100252018,3697.00489396,10,130388807605289083
198,0,303585,25,122.342858199,3962.04204717,10,130388807605289087
199,0,303593,25,255.437562699,106.777284839,10,130392243579125847
200,0,303593,25,1437.99729444,148.900757147,10,130392243579125849
201,0,303593,25,842.985180723,812.70714957,10,130392243579125859
202,0,303593,25,1544.99424094,1009.15582299,10,130392243579125863
203,0,303593,25,862.073684939,1133.07298535,10,130392243579125865
204,0,303593,25,1664.30589453,1377.72862911,10,130392243579125869
205,0,303593,25,615.774358026,1662.63708399,10,130392243579125874
206,0,303593,25,1658.90994558,1767.22222969,10,130392243579125876
207,0,303593,25,301.679830281,2320.9572782,10,130392243579125880
208,0,303593,25,1890.78149054,2603.74439835,10,130392243579125884
209,0,303593,25,105.031429646,2742.90427203,10,130392243579125885
210,0,303593,25,1472.8971067,3033.92944826,10,130392243579125890
211,0,303593,25,1743.93921506,3045.96069701,10,130392243579125891
212,0,303593,25,71.7762101394,3097.43013939,10,130392243579125893
213,0,303593,25,835.932603006,3229.97583906,10,130392243579125895
214,0,303593,25,1195.00903781,3266.64087898,10,130392243579125896
215,0,303593,25,1823.09872244,3298.05800526,10,130392243579125897
216,0,303593,25,140.988253986,3678.01684607,10,130392243579125903
217,0,303593,25,1122.49590242,3722.92863534,10,130392243579125904
218,0,303601,25,225.814912455,98.684397753,10,130395679552962672
219,0,303601,25,1403.06188839,120.80032618,10,130395679552962673
220,0,303601,25,1516.43909008,1003.78027699,10,130395679552962686
221,0,303601,25,65.1802036606,1104.33569582,10,130395679552962689
222,0,303601,25,833.966665819,1123.72955095,10,130395679552962690
223,0,303601,25,1738.0307624,1121.59838067,10,130395679552962691
224,0,303601,25,946.939032402,1242.380248,10,130395679552962694
225,0,303601,25,1088.03760533,1301.20129008,10,130395679552962696
226,0,303601,25,1336.35339993,1581.76940353,10,130395679552962701
227,0,303601,25,1873.65148361,1588.08288485,10,130395679552962702
228,0,303601,25,584.127073084,1656.68823682,10,130395679552962703
229,0,303601,25,1900.57419337,1729.02633985,10,130395679552962705
230,0,303601,25,1631.44185425,1759.19937218,10,130395679552962706
231,0,303601,25,88.7228844838,1777.024061,10,130395679552962708
232,0,303601,25,1957.73546757,2173.758063,10,130395679552962711
233,0,303601,25,1308.73950446,2208.51391474,10,130395679552962712
234,0,303601,25,272.458757447,2314.01197155,10,130395679552962713
235,0,303601,25,1651.79344968,2437.37281197,10,130395679552962716
236,0,303601,25,1861.13793165,2595.25611405,10,130395679552962718
237,0,303601,25,73.7444537615,2715.92896487,10,130395679552962719
238,0,303601,25,1003.69440147,2799.76195568,10,130395679552962721
239,0,303601,25,1913.87059958,2960.39527181,10,130395679552962724
240,0,303601,25,1444.39771683,3025.64687859,10,130395679552962726
241,0,303601,25,1715.61912929,3038.77125296,10,130395679552962727
242,0,303601,25,42.5551426656,3091.82749572,10,130395679552962729
243,0,303601,25,795.938666651,3205.00145462,10,130395679552962731
244,0,303601,25,1744.47620688,3246.75136936,10,130395679552962732
245,0,303601,25,1168.9273619,3257.21826428,10,130395679552962733
246,0,303601,25,1795.82005797,3290.98584985,10,130395679552962735
247,0,303601,25,488.834491004,3363.11570942,10,130395679552962737
248,0,303601,25,104.921753704,3654.07568125,10,130395679552962741
249,0,303601,25,430.439405849,3695.83251218,10,130395679552962742
250,0,303601,25,406.644916523,3711.87645554,10,130395679552962743
251,0,303601,25,1094.15709419,3718.29102344,10,130395679552962744
252,0,303601,25,115.524903116,3951.63946895,10,130395679552962748
253,0,303589,25,251.642543586,106.686711734,10,130390525592207453
254,0,303589,25,1437.17515678,158.276776894,10,130390525592207454
255,0,303589,25,838.104239313,811.068975809,10,130390525592207464
256,0,303589,25,1763.81580578,1124.47436538,10,130390525592207471
257,0,303589,25,856.184194478,1131.93860165,10,130390525592207472
258,0,303589,25,1116.08617266,1307.96435457,10,130390525592207476
259,0,303589,25,1661.37415069,1376.90019987,10,130390525592207477
260,0,303589,25,1784.04127028,1581.10949377,10,130390525592207482
261,0,303589,25,1655.02055303,1766.97594867,10,130390525592207484
262,0,303589,25,1759.21863419,1887.16979656,10,130390525592207486
263,0,303589,25,453.053887086,2054.96679183,10,130390525592207488
264,0,303589,25,102.974339908,2752.84472969,10,130390525592207493
265,0,303589,25,1469.05457643,3032.99512353,10,130390525592207498
266,0,303589,25,1115.34032768,3048.61157883,10,130390525592207499
267,0,303589,25,837.907381817,3238.01831525,10,130390525592207502
268,0,303589,25,1519.02076676,3259.7780814,10,130390525592207503
269,0,303589,25,1816.97606522,3298.85815972,10,130390525592207504
270,0,303589,25,511.575578528,3368.47676861,10,130390525592207506
271,0,303589,25,140.938603128,3685.9387178,10,130390525592207511
272,0,303589,25,453.818350916,3701.68452434,10,130390525592207512
273,0,303589,25,142.044787483,3957.78954608,10,130390525592207516
274,0,303589,25,1467.13454689,4041.00316288,10,130390525592207518
275,0,303597,25,243.640709874,101.605169338,10,130393961566044255
276,0,303597,25,1422.33676526,133.171268578,10,130393961566044256
277,0,303597,25,1102.1687112,611.530561853,10,130393961566044264
278,0,303597,25,828.949161593,806.770186898,10,130393961566044267
279,0,303597,25,82.9669799378,1106.63683407,10,130393961566044273
280,0,303597,25,851.953737568,1127.21788154,10,130393961566044274
281,0,303597,25,1107.91078715,1303.73716364,10,130393961566044278
282,0,303597,25,1653.34705997,1371.40280681,10,130393961566044279
283,0,303597,25,104.17157047,1779.26978632,10,130393961566044286
284,0,303597,25,367.787313619,2422.05201443,10,130393961566044291
285,0,303597,25,91.794071715,2728.06836593,10,130393961566044293
286,0,303597,25,126.930313857,2800.30517868,10,130393961566044295
287,0,303597,25,1017.8409955,2802.04345048,10,130393961566044296
288,0,303597,25,1929.99118664,2963.24097051,10,130393961566044299
289,0,303597,25,1460.97889142,3029.0048768,10,130393961566044301
290,0,303597,25,1731.11887855,3040.37646532,10,130393961566044302
291,0,303597,25,1107.96023947,3042.57636176,10,130393961566044303
292,0,303597,25,59.2885338012,3093.52985506,10,130393961566044305
293,0,303597,25,818.012480891,3215.9389526,10,130393961566044307
294,0,303597,25,1185.14270439,3260.12890302,10,130393961566044308
295,0,303597,25,506.655419284,3365.72409328,10,130393961566044310
296,0,303597,25,125.02648802,3664.09862666,10,130393961566044315
297,0,303597,25,283.037734299,3720.08664878,10,130393961566044316
298,0,303597,25,1110.80200362,3720.47120785,10,130393961566044317
299,0,303585,25,1423.0782412,172.072091686,10,130388807605289036
300,0,303585,25,1100.11084022,1316.83274619,10,130388807605289054
301,0,303585,25,1882.58679383,1599.21886291,10,130388807605289059
302,0,303585,25,1871.07188957,2605.26026836,10,130388807605289067
303,0,303585,25,88.9338672706,2765.01730257,10,130388807605289068
304,0,303585,25,1724.908074,3048.89331264,10,130388807605289073
305,0,303585,25,827.90221599,3250.00219407,10,130388807605289076
306,0,303585,25,129.100252018,3697.00489396,10,130388807605289083
307,0,303585,25,122.342858199,3962.04204717,10,130388807605289087
308,0,303593,25,255.437562699,106.777284839,10,130392243579125847
309,0,303593,25,1437.99729444,148.900757147,10,130392243579125849
310,0,303593,25,842.985180723,812.70714957,10,130392243579125859
311,0,303593,25,1544.99424094,1009.15582299,10,130392243579125863
312,0,303593,25,862.073684939,1133.07298535,10,130392243579125865
313,0,303593,25,1664.30589453,1377.72862911,10,130392243579125869
314,0,303593,25,615.774358026,1662.63708399,10,130392243579125874
315,0,303593,25,1658.90994558,1767.22222969,10,130392243579125876
316,0,303593,25,301.679830281,2320.9572782,10,130392243579125880
317,0,303593,25,1890.78149054,2603.74439835,10,130392243579125884
318,0,303593,25,105.031429646,2742.90427203,10,130392243579125885
319,0,303593,25,1472.8971067,3033.92944826,10,130392243579125890
320,0,303593,25,1743.93921506,3045.96069701,10,130392243579125891
321,0,303593,25,71.7762101394,3097.43013939,10,130392243579125893
322,0,303593,25,835.932603006,3229.97583906,10,130392243579125895
323,0,303593,25,1195.00903781,3266.64087898,10,130392243579125896
324,0,303593,25,1823.09872244,3298.05800526,10,130392243579125897
325,0,303593,25,140.988253986,3678.01684607,10,130392243579125903
326,0,303593,25,1122.49590242,3722.92863534,10,130392243579125904
327,0,303589,25,251.642543586,106.686711734,10,130390525592207453
328,0,303589,25,1437.17515678,158.276776894,10,130390525592207454
329,0,303589,25,838.104239313,811.068975809,10,130390525592207464
330,0,303589,25,1763.81580578,1124.47436538,10,130390525592207471
331,0,303589,25,856.184194478,1131.93860165,10,130390525592207472
332,0,303589,25,1116.08617266,1307.96435457,10,130390525592207476
333,0,303589,25,1661.37415069,1376.90019987,10,130390525592207477
334,0,303589,25,1784.04127028,1581.10949377,10,130390525592207482
335,0,303589,25,1655.02055303,1766.97594867,10,130390525592207484
336,0,303589,25,1759.21863419,1887.16979656,10,130390525592207486
337,0,303589,25,453.053887086,2054.96679183,10,130390525592207488
338,0,303589,25,102.974339908,2752.84472969,10,130390525592207493
339,0,303589,25,1469.05457643,3032.99512353,10,130390525592207498
340,0,303589,25,1115.34032768,3048.61157883,10,130390525592207499
341,0,303589,25,837.907381817,3238.01831525,10,130390525592207502
342,0,303589,25,1519.02076676,3259.7780814,10,130390525592207503
343,0,303589,25,1816.97606522,3298.85815972,10,130390525592207504
344,0,303589,25,511.575578528,3368.47676861,10,130390525592207506
345,0,303589,25,140.938603128,3685.9387178,10,130390525592207511
346,0,303589,25,453.818350916,3701.68452434,10,130390525592207512
347,0,303589,25,142.044787483,3957.78954608,10,130390525592207516
348,0,303589,25,1467.13454689,4041.00316288,10,130390525592207518
349,0,303597,25,243.640709874,101.605169338,10,130393961566044255
350,0,303597,25,1422.33676526,133.171268578,10,130393961566044256
351,0,303597,25,1102.1687112,611.530561853,10,130393961566044264
352,0,303597,25,828.949161593,806.770186898,10,130393961566044267
353,0,303597,25,82.9669799378,1106.63683407,10,130393961566044273
354,0,303597,25,851.953737568,1127.21788154,10,130393961566044274
355,0,303597,25,1107.91078715,1303.73716364,10,130393961566044278
356,0,303597,25,1653.34705997,1371.40280681,10,130393961566044279
357,0,303597,25,104.17157047,1779.26978632,10,130393961566044286
358,0,303597,25,367.787313619,2422.05201443,10,130393961566044291
359,0,303597,25,91.794071715,2728.06836593,10,130393961566044293
360,0,303597,25,126.930313857,2800.30517868,10,130393961566044295
361,0,303597,25,1017.8409955,2802.04345048,10,130393961566044296
362,0,303597,25,1929.99118664,2963.24097051,10,130393961566044299
363,0,303597,25,1460.97889142,3029.0048768,10,130393961566044301
364,0,303597,25,1731.11887855,3040.37646532,10,130393961566044302
365,0,303597,25,1107.96023947,3042.57636176,10,130393961566044303
366,0,303597,25,59.2885338012,3093.52985506,10,130393961566044305
367,0,303597,25,818.012480891,3215.9389526,10,130393961566044307
368,0,303597,25,1185.14270439,3260.12890302,10,130393961566044308
369,0,303597,25,506.655419284,3365.72409328,10,130393961566044310
370,0,303597,25,125.02648802,3664.09862666,10,130393961566044315
371,0,303597,25,283.037734299,3720.08664878,10,130393961566044316
372,0,303597,25,1110.80200362,3720.47120785,10,130393961566044317
373,0,303585,25,1423.0782412,172.072091686,10,130388807605289036
374,0,303585,25,1100.11084022,1316.83274619,10,130388807605289054
375,0,303585,25,1882.58679383,1599.21886291,10,130388807605289059
376,0,303585,25,1871.07188957,2605.26026836,10,130388807605289067
377,0,303585,25,88.9338672706,2765.01730257,10,130388807605289068
378,0,303585,25,1724.908074,3048.89331264,10,130388807605289073
379,0,303585,25,827.90221599,3250.00219407,10,130388807605289076
380,0,303585,25,129.100252018,3697.00489396,10,130388807605289083
381,0,303585,25,122.342858199,3962.04204717,10,130388807605289087
382,0,303593,25,255.437562699,106.777284839,10,130392243579125847
383,0,303593,25,1437.99729444,148.900757147,10,130392243579125849
384,0,303593,25,842.985180723,812.70714957,10,130392243579125859
385,0,303593,25,1544.99424094,1009.15582299,10,130392243579125863
386,0,303593,25,862.073684939,1133.07298535,10,130392243579125865
387,0,303593,25,1664.30589453,1377.72862911,10,130392243579125869
388,0,303593,25,615.774358026,1662.63708399,10,130392243579125874
389,0,303593,25,1658.90994558,1767.22222969,10,130392243579125876
390,0,303593,25,301.679830281,2320.9572782,10,130392243579125880
391,0,303593,25,1890.78149054,2603.74439835,10,130392243579125884
392,0,303593,25,105.031429646,2742.90427203,10,130392243579125885
393,0,303593,25,1472.8971067,3033.92944826,10,130392243579125890
394,0,303593,25,1743.93921506,3045.96069701,10,130392243579125891
395,0,303593,25,71.7762101394,3097.43013939,10,130392243579125893
396,0,303593,25,835.932603006,3229.97583906,10,130392243579125895
397,0,303593,25,1195.00903781,3266.64087898,10,130392243579125896
398,0,303593,25,1823.09872244,3298.05800526,10,130392243579125897
399,0,303593,25,140.988253986,3678.01684607,10,130392243579125903
400,0,303593,25,1122.49590242,3722.92863534,10,130392243579125904
401,0,303601,25,225.814912455,98.684397753,10,130395679552962672
402,0,303601,25,1403.06188839,120.80032618,10,130395679552962673
403,0,303601,25,1516.43909008,1003.78027699,10,130395679552962686
404,0,303601,25,65.1802036606,1104.33569582,10,130395679552962689
405,0,303601,25,833.966665819,1123.72955095,10,130395679552962690
406,0,303601,25,1738.0307624,1121.59838067,10,130395679552962691
407,0,303601,25,946.939032402,1242.380248,10,130395679552962694
408,0,303601,25,1088.03760533,1301.20129008,10,130395679552962696
409,0,303601,25,1336.35339993,1581.76940353,10,130395679552962701
410,0,303601,25,1873.65148361,1588.08288485,10,130395679552962702
411,0,303601,25,584.127073084,1656.68823682,10,130395679552962703
412,0,303601,25,1900.57419337,1729.02633985,10,130395679552962705
413,0,303601,25,1631.44185425,1759.19937218,10,130395679552962706
414,0,303601,25,88.7228844838,1777.024061,10,130395679552962708
415,0,303601,25,1957.73546757,2173.758063,10,130395679552962711
416,0,303601,25,1308.73950446,2208.51391474,10,130395679552962712
417,0,303601,25,272.458757447,2314.01197155,10,130395679552962713
418,0,303601,25,1651.79344968,2437.37281197,10,130395679552962716
419,0,303601,25,1861.13793165,2595.25611405,10,130395679552962718
420,0,303601,25,73.7444537615,2715.92896487,10,130395679552962719
421,0,303601,25,1003.69440147,2799.76195568,10,130395679552962721
422,0,303601,25,1913.87059958,2960.39527181,10,130395679552962724
423,0,303601,25,1444.39771683,3025.64687859,10,130395679552962726
424,0,303601,25,1715.61912929,3038.77125296,10,130395679552962727
425,0,303601,25,42.5551426656,3091.82749572,10,130395679552962729
426,0,303601,25,795.938666651,3205.00145462,10,130395679552962731
427,0,303601,25,1744.47620688,3246.75136936,10,130395679552962732
428,0,303601,25,1168.9273619,3257.21826428,10,130395679552962733
429,0,303601,25,1795.82005797,3290.98584985,10,130395679552962735
430,0,303601,25,488.834491004,3363.11570942,10,130395679552962737
431,0,303601,25,104.921753704,3654.07568125,10,130395679552962741
432,0,303601,25,430.439405849,3695.83251218,10,130395679552962742
433,0,303601,25,406.644916523,3711.87645554,10,130395679552962743
434,0,303601,25,1094.15709419,3718.29102344,10,130395679552962744
435,0,303601,25,115.524903116,3951.63946895,10,130395679552962748
436,0,303601,25,225.814912455,98.684397753,10,130395679552962672
437,0,303601,25,1403.06188839,120.80032618,10,130395679552962673
438,0,303601,25,1516.43909008,1003.78027699,10,130395679552962686
439,0,303601,25,65.1802036606,1104.33569582,10,130395679552962689
440,0,303601,25,833.966665819,1123.72955095,10,130395679552962690
441,0,303601,25,1738.0307624,1121.59838067,10,130395679552962691
442,0,303601,25,946.939032402,1242.380248,10,130395679552962694
443,0,303601,25,1088.03760533,1301.20129008,10,130395679552962696
444,0,303601,25,1336.35339993,1581.76940353,10,130395679552962701
445,0,303601,25,1873.65148361,1588.08288485,10,130395679552962702
446,0,303601,25,584.127073084,1656.68823682,10,130395679552962703
447,0,303601,25,1900.57419337,1729.02633985,10,130395679552962705
448,0,303601,25,1631.44185425,1759.19937218,10,130395679552962706
449,0,303601,25,88.7228844838,1777.024061,10,130395679552962708
450,0,303601,25,1957.73546757,2173.758063,10,130395679552962711
451,0,303601,25,1308.73950446,2208.51391474,10,130395679552962712
452,0,303601,25,272.458757447,2314.01197155,10,130395679552962713
453,0,303601,25,1651.79344968,2437.37281197,10,130395679552962716
454,0,303601,25,1861.13793165,2595.25611405,10,130395679552962718
455,0,303601,25,73.7444537615,2715.92896487,10,130395679552962719
456,0,303601,25,1003.69440147,2799.76195568,10,130395679552962721
457,0,303601,25,1913.87059958,2960.39527181,10,130395679552962724
458,0,303601,25,1444.39771683,3025.64687859,10,130395679552962726
459,0,303601,25,1715.61912929,3038.77125296,10,130395679552962727
460,0,303601,25,42.5551426656,3091.82749572,10,130395679552962729
461,0,303601,25,795.938666651,3205.00145462,10,130395679552962731
462,0,303601,25,1744.47620688,3246.75136936,10,130395679552962732
463,0,303601,25,1168.9273619,3257.21826428,10,130395679552962733
464,0,303601,25,1795.82005797,3290.98584985,10,130395679552962735
465,0,303601,25,488.834491004,3363.11570942,10,130395679552962737
466,0,303601,25,104.921753704,3654.07568125,10,130395679552962741
467,0,303601,25,430.439405849,3695.83251218,10,130395679552962742
468,0,303601,25,406.644916523,3711.87645554,10,130395679552962743
469,0,303601,25,1094.15709419,3718.29102344,10,130395679552962744
470,0,303601,25,115.524903116,3951.63946895,10,130395679552962748
471,0,303589,25,251.642543586,106.686711734,10,130390525592207453
472,0,303589,25,1437.17515678,158.276776894,10,130390525592207454
473,0,303589,25,838.104239313,811.068975809,10,130390525592207464
474,0,303589,25,1763.81580578,1124.47436538,10,130390525592207471
475,0,303589,25,856.184194478,1131.93860165,10,130390525592207472
476,0,303589,25,1116.08617266,1307.96435457,10,130390525592207476
477,0,303589,25,1661.37415069,1376.90019987,10,130390525592207477
478,0,303589,25,1784.04127028,1581.10949377,10,130390525592207482
479,0,303589,25,1655.02055303,1766.97594867,10,130390525592207484
480,0,303589,25,1759.21863419,1887.16979656,10,130390525592207486
481,0,303589,25,453.053887086,2054.96679183,10,130390525592207488
482,0,303589,25,102.974339908,2752.84472969,10,130390525592207493
483,0,303589,25,1469.05457643,3032.99512353,10,130390525592207498
484,0,303589,25,1115.34032768,3048.61157883,10,130390525592207499
485,0,303589,25,837.907381817,3238.01831525,10,130390525592207502
486,0,303589,25,1519.02076676,3259.7780814,10,130390525592207503
487,0,303589,25,1816.97606522,3298.85815972,10,130390525592207504
488,0,303589,25,511.575578528,3368.47676861,10,130390525592207506
489,0,303589,25,140.938603128,3685.9387178,10,130390525592207511
490,0,303589,25,453.818350916,3701.68452434,10,130390525592207512
491,0,303589,25,142.044787483,3957.78954608,10,130390525592207516
492,0,303589,25,1467.13454689,4041.00316288,10,130390525592207518
493,0,303597,25,243.640709874,101.605169338,10,130393961566044255
494,0,303597,25,1422.33676526,133.171268578,10,130393961566044256
495,0,303597,25,1102.1687112,611.530561853,10,130393961566044264
496,0,303597,25,828.949161593,806.770186898,10,130393961566044267
497,0,303597,25,82.9669799378,1106.63683407,10,130393961566044273
498,0,303597,25,851.953737568,1127.21788154,10,130393961566044274
499,0,303597,25,1107.91078715,1303.73716364,10,130393961566044278
500,0,303597,25,1653.34705997,1371.40280681,10,130393961566044279
501,0,303597,25,104.17157047,1779.26978632,10,130393961566044286
502,0,303597,25,367.787313619,2422.05201443,10,130393961566044291
503,0,303597,25,91.794071715,2728.06836593,10,130393961566044293
504,0,303597,25,126.930313857,2800.30517868,10,130393961566044295
505,0,303597,25,1017.8409955,2802.04345048,10,130393961566044296
506,0,303597,25,1929.99118664,2963.24097051,10,130393961566044299
507,0,303597,25,1460.97889142,3029.0048768,10,130393961566044301
508,0,303597,25,1731.11887855,3040.37646532,10,130393961566044302
509,0,303597,25,1107.96023947,3042.57636176,10,130393961566044303
510,0,303597,25,59.2885338012,3093.52985506,10,130393961566044305
511,0,303597,25,818.012480891,3215.9389526,10,130393961566044307
512,0,303597,25,1185.14270439,3260.12890302,10,130393961566044308
513,0,303597,25,506.655419284,3365.72409328,10,130393961566044310
514,0,303597,25,125.02648802,3664.09862666,10,130393961566044315
515,0,303597,25,283.037734299,3720.08664878,10,130393961566044316
516,0,303597,25,1110.80200362,3720.47120785,10,130393961566044317
517,0,303585,25,1423.0782412,172.072091686,10,130388807605289036
518,0,303585,25,1100.11084022,1316.83274619,10,130388807605289054
519,0,303585,25,1882.58679383,1599.21886291,10,130388807605289059
520,0,303585,25,1871.07188957,2605.26026836,10,130388807605289067
521,0,303585,25,88.9338672706,2765.01730257,10,130388807605289068
522,0,303585,25,1724.908074,3048.89331264,10,130388807605289073
523,0,303585,25,827.90221599,3250.00219407,10,130388807605289076
524,0,303585,25,129.100252018,3697.00489396,10,130388807605289083
525,0,303585,25,122.342858199,3962.04204717,10,130388807605289087
526,0,303593,25,255.437562699,106.777284839,10,130392243579125847
527,0,303593,25,1437.99729444,148.900757147,10,130392243579125849
528,0,303593,25,842.985180723,812.70714957,10,130392243579125859
529,0,303593,25,1544.99424094,1009.15582299,10,130392243579125863
530,0,303593,25,862.073684939,1133.07298535,10,130392243579125865
531,0,303593,25,1664.30589453,1377.72862911,10,130392243579125869
532,0,303593,25,615.774358026,1662.63708399,10,130392243579125874
533,0,303593,25,1658.90994558,1767.22222969,10,130392243579125876
534,0,303593,25,301.679830281,2320.9572782,10,130392243579125880
535,0,303593,25,1890.78149054,2603.74439835,10,130392243579125884
536,0,303593,25,105.031429646,2742.90427203,10,130392243579125885
537,0,303593,25,1472.8971067,3033.92944826,10,130392243579125890
538,0,303593,25,1743.93921506,3045.96069701,10,130392243579125891
539,0,303593,25,71.7762101394,3097.43013939,10,130392243579125893
540,0,303593,25,835.932603006,3229.97583906,10,130392243579125895
541,0,303593,25,1195.00903781,3266.64087898,10,130392243579125896
542,0,303593,25,1823.09872244,3298.05800526,10,130392243579125897
543,0,303593,25,140.988253986,3678.01684607,10,130392243579125903
544,0,303593,25,1122.49590242,3722.92863534,10,130392243579125904
545,0,303589,25,251.642543586,106.686711734,10,130390525592207453
546,0,303589,25,1437.17515678,158.276776894,10,130390525592207454
547,0,303589,25,838.104239313,811.068975809,10,130390525592207464
548,0,303589,25,1763.81580578,1124.47436538,10,130390525592207471
549,0,303589,25,856.184194478,1131.93860165,10,130390525592207472
550,0,303589,25,1116.08617266,1307.96435457,10,130390525592207476
551,0,303589,25,1661.37415069,1376.90019987,10,130390525592207477
552,0,303589,25,1784.04127028,1581.10949377,10,130390525592207482
553,0,303589,25,1655.02055303,1766.97594867,10,130390525592207484
554,0,303589,25,1759.21863419,1887.16979656,10,130390525592207486
555,0,303589,25,453.053887086,2054.96679183,10,130390525592207488
556,0,303589,25,102.974339908,2752.84472969,10,130390525592207493
557,0,303589,25,1469.05457643,3032.99512353,10,130390525592207498
558,0,303589,25,1115.34032768,3048.61157883,10,130390525592207499
559,0,303589,25,837.907381817,3238.01831525,10,130390525592207502
560,0,303589,25,1519.02076676,3259.7780814,10,130390525592207503
561,0,303589,25,1816.97606522,3298.85815972,10,130390525592207504
562,0,303589,25,511.575578528,3368.47676861,10,130390525592207506
563,0,303589,25,140.938603128,3685.9387178,10,130390525592207511
564,0,303589,25,453.818350916,3701.68452434,10,130390525592207512
565,0,303589,25,142.044787483,3957.78954608,10,130390525592207516
566,0,303589,25,1467.13454689,4041.00316288,10,130390525592207518
567,0,303597,25,243.640709874,101.605169338,10,130393961566044255
568,0,303597,25,1422.33676526,133.171268578,10,130393961566044256
569,0,303597,25,1102.1687112,611.530561853,10,130393961566044264
570,0,303597,25,828.949161593,806.770186898,10,130393961566044267
571,0,303597,25,82.9669799378,1106.63683407,10,130393961566044273
572,0,303597,25,851.953737568,1127.21788154,10,130393961566044274
573,0,303597,25,1107.91078715,1303.73716364,10,130393961566044278
574,0,303597,25,1653.34705997,1371.40280681,10,130393961566044279
575,0,303597,25,104.17157047,1779.26978632,10,130393961566044286
576,0,303597,25,367.787313619,2422.05201443,10,130393961566044291
577,0,303597,25,91.794071715,2728.06836593,10,130393961566044293
578,0,303597,25,126.930313857,2800.30517868,10,130393961566044295
579,0,303597,25,1017.8409955,2802.04345048,10,130393961566044296
580,0,303597,25,1929.99118664,2963.24097051,10,130393961566044299
581,0,303597,25,1460.97889142,3029.0048768,10,130393961566044301
582,0,303597,25,1731.11887855,3040.37646532,10,130393961566044302
583,0,303597,25,1107.96023947,3042.57636176,10,130393961566044303
584,0,303597,25,59.2885338012,3093.52985506,10,130393961566044305
585,0,303597,25,818.012480891,3215.9389526,10,130393961566044307
586,0,303597,25,1185.14270439,3260.12890302,10,130393961566044308
587,0,303597,25,506.655419284,3365.72409328,10,130393961566044310
588,0,303597,25,125.02648802,3664.09862666,10,130393961566044315
589,0,303597,25,283.037734299,3720.08664878,10,130393961566044316
590,0,303597,25,1110.80200362,3720.47120785,10,130393961566044317
591,0,303585,25,1423.0782412,172.072091686,10,130388807605289036
592,0,303585,25,1100.11084022,1316.83274619,10,130388807605289054
593,0,303585,25,1882.58679383,1599.21886291,10,130388807605289059
594,0,303585,25,1871.07188957,2605.26026836,10,130388807605289067
595,0,303585,25,88.9338672706,2765.01730257,10,130388807605289068
596,0,303585,25,1724.908074,3048.89331264,10,130388807605289073
597,0,303585,25,827.90221599,3250.00219407,10,130388807605289076
598,0,303585,25,129.100252018,3697.00489396,10,130388807605289083
599,0,303585,25,122.342858199,3962.04204717,10,130388807605289087
600,0,303593,25,255.437562699,106.777284839,10,130392243579125847
601,0,303593,25,1437.99729444,148.900757147,10,130392243579125849
602,0,303593,25,842.985180723,812.70714957,10,130392243579125859
603,0,303593,25,1544.99424094,1009.15582299,10,130392243579125863
604,0,303593,25,862.073684939,1133.07298535,10,130392243579125865
605,0,303593,25,1664.30589453,1377.72862911,10,130392243579125869
606,0,303593,25,615.774358026,1662.63708399,10,130392243579125874
607,0,303593,25,1658.90994558,1767.22222969,10,130392243579125876
608,0,303593,25,301.679830281,2320.9572782,10,130392243579125880
609,0,303593,25,1890.78149054,2603.74439835,10,130392243579125884
610,0,303593,25,105.031429646,2742.90427203,10,130392243579125885
611,0,303593,25,1472.8971067,3033.92944826,10,130392243579125890
612,0,303593,25,1743.93921506,3045.96069701,10,130392243579125891
613,0,303593,25,71.7762101394,3097.43013939,10,130392243579125893
614,0,303593,25,835.932603006,3229.97583906,10,130392243579125895
615,0,303593,25,1195.00903781,3266.64087898,10,130392243579125896
616,0,303593,25,1823.09872244,3298.05800526,10,130392243579125897
617,0,303593,25,140.988253986,3678.01684607,10,130392243579125903
618,0,303593,25,1122.49590242,3722.92863534,10,130392243579125904
619,0,303601,25,225.814912455,98.684397753,10,130395679552962672
620,0,303601,25,1403.06188839,120.80032618,10,130395679552962673
621,0,303601,25,1516.43909008,1003.78027699,10,130395679552962686
622,0,303601,25,65.1802036606,1104.33569582,10,130395679552962689
623,0,303601,25,833.966665819,1123.72955095,10,130395679552962690
624,0,303601,25,1738.0307624,1121.59838067,10,130395679552962691
625,0,303601,25,946.939032402,1242.380248,10,130395679552962694
626,0,303601,25,1088.03760533,1301.20129008,10,130395679552962696
627,0,303601,25,1336.35339993,1581.76940353,10,130395679552962701
628,0,303601,25,1873.65148361,1588.08288485,10,130395679552962702
629,0,303601,25,584.127073084,1656.68823682,10,130395679552962703
630,0,303601,25,1900.57419337,1729.02633985,10,130395679552962705
631,0,303601,25,1631.44185425,1759.19937218,10,130395679552962706
632,0,303601,25,88.7228844838,1777.024061,10,130395679552962708
633,0,303601,25,1957.73546757,2173.758063,10,130395679552962711
634,0,303601,25,1308.73950446,2208.51391474,10,130395679552962712
635,0,303601,25,272.458757447,2314.01197155,10,130395679552962713
636,0,303601,25,1651.79344968,2437.37281197,10,130395679552962716
637,0,303601,25,1861.13793165,2595.25611405,10,130395679552962718
638,0,303601,25,73.7444537615,2715.92896487,10,130395679552962719
639,0,303601,25,1003.69440147,2799.76195568,10,130395679552962721
640,0,303601,25,1913.87059958,2960.39527181,10,130395679552962724
641,0,303601,25,1444.39771683,3025.64687859,10,130395679552962726
642,0,303601,25,1715.61912929,3038.77125296,10,130395679552962727
643,0,303601,25,42.5551426656,3091.82749572,10,130395679552962729
644,0,303601,25,795.938666651,3205.00145462,10,130395679552962731
645,0,303601,25,1744.47620688,3246.75136936,10,130395679552962732
646,0,303601,25,1168.9273619,3257.21826428,10,130395679552962733
647,0,303601,25,1795.82005797,3290.98584985,10,130395679552962735
648,0,303601,25,488.834491004,3363.11570942,10,130395679552962737
649,0,303601,25,104.921753704,3654.07568125,10,130395679552962741
650,0,303601,25,430.439405849,3695.83251218,10,130395679552962742
651,0,303601,25,406.644916523,3711.87645554,10,130395679552962743
652,0,303601,25,1094.15709419,3718.29102344,10,130395679552962744
653,0,303601,25,115.524903116,3951.63946895,10,130395679552962748
654,0,303589,25,251.642543586,106.686711734,10,130390525592207453
655,0,303589,25,1437.17515678,158.276776894,10,130390525592207454
656,0,303589,25,838.104239313,811.068975809,10,130390525592207464
657,0,303589,25,1763.81580578,1124.47436538,10,130390525592207471
658,0,303589,25,856.184194478,1131.93860165,10,130390525592207472
659,0,303589,25,1116.08617266,1307.96435457,10,130390525592207476
660,0,303589,25,1661.37415069,1376.90019987,10,130390525592207477
661,0,303589,25,1784.04127028,1581.10949377,10,130390525592207482
662,0,303589,25,1655.02055303,1766.97594867,10,130390525592207484
663,0,303589,25,1759.21863419,1887.16979656,10,130390525592207486
664,0,303589,25,453.053887086,2054.96679183,10,130390525592207488
665,0,303589,25,102.974339908,2752.84472969,10,130390525592207493
666,0,303589,25,1469.05457643,3032.99512353,10,130390525592207498
667,0,303589,25,1115.34032768,3048.61157883,10,130390525592207499
668,0,303589,25,837.907381817,3238.01831525,10,130390525592207502
669,0,303589,25,1519.02076676,3259.7780814,10,130390525592207503
670,0,303589,25,1816.97606522,3298.85815972,10,130390525592207504
671,0,303589,25,511.575578528,3368.47676861,10,130390525592207506
672,0,303589,25,140.938603128,3685.9387178,10,130390525592207511
673,0,303589,25,453.818350916,3701.68452434,10,130390525592207512
674,0,303589,25,142.044787483,3957.78954608,10,130390525592207516
675,0,303589,25,1467.13454689,4041.00316288,10,130390525592207518
676,0,303597,25,243.640709874,101.605169338,10,130393961566044255
677,0,303597,25,1422.33676526,133.171268578,10,130393961566044256
678,0,303597,25,1102.1687112,611.530561853,10,130393961566044264
679,0,303597,25,828.949161593,806.770186898,10,130393961566044267
680,0,303597,25,82.9669799378,1106.63683407,10,130393961566044273
681,0,303597,25,851.953737568,1127.21788154,10,130393961566044274
682,0,303597,25,1107.91078715,1303.73716364,10,130393961566044278
683,0,303597,25,1653.34705997,1371.40280681,10,130393961566044279
684,0,303597,25,104.17157047,1779.26978632,10,130393961566044286
685,0,303597,25,367.787313619,2422.05201443,10,130393961566044291
686,0,303597,25,91.794071715,2728.06836593,10,130393961566044293
687,0,303597,25,126.930313857,2800.30517868,10,130393961566044295
688,0,303597,25,1017.8409955,2802.04345048,10,130393961566044296
689,0,303597,25,1929.99118664,2963.24097051,10,130393961566044299
690,0,303597,25,1460.97889142,3029.0048768,10,130393961566044301
691,0,303597,25,1731.11887855,3040.37646532,10,130393961566044302
692,0,303597,25,1107.96023947,3042.57636176,10,130393961566044303
693,0,303597,25,59.2885338012,3093.52985506,10,130393961566044305
694,0,303597,25,818.012480891,3215.9389526,10,130393961566044307
695,0,303597,25,1185.14270439,3260.12890302,10,130393961566044308
696,0,303597,25,506.655419284,3365.72409328,10,130393961566044310
697,0,303597,25,125.02648802,3664.09862666,10,130393961566044315
698,0,303597,25,283.037734299,3720.08664878,10,130393961566044316
699,0,303597,25,1110.80200362,3720.47120785,10,130393961566044317
700,0,303593,25,255.437562699,106.777284839,10,130392243579125847
701,0,303593,25,1437.99729444,148.900757147,10,130392243579125849
702,0,303593,25,842.985180723,812.70714957,10,130392243579125859
703,0,303593,25,1544.99424094,1009.15582299,10,130392243579125863
704,0,303593,25,862.073684939,1133.07298535,10,130392243579125865
705,0,303593,25,1664.30589453,1377.72862911,10,130392243579125869
706,0,303593,25,615.774358026,1662.63708399,10,130392243579125874
707,0,303593,25,1658.90994558,1767.22222969,10,130392243579125876
708,0,303593,25,301.679830281,2320.9572782,10,130392243579125880
709,0,303593,25,1890.78149054,2603.74439835,10,130392243579125884
710,0,303593,25,105.031429646,2742.90427203,10,130392243579125885
711,0,303593,25,1472.8971067,3033.92944826,10,130392243579125890
712,0,303593,25,1743.93921506,3045.96069701,10,130392243579125891
713,0,303593,25,71.7762101394,3097.43013939,10,130392243579125893
714,0,303593,25,835.932603006,3229.97583906,10,130392243579125895
715,0,303593,25,1195.00903781,3266.64087898,10,130392243579125896
716,0,303593,25,1823.09872244,3298.05800526,10,130392243579125897
717,0,303593,25,140.988253986,3678.01684607,10,130392243579125903
718,0,303593,25,1122.49590242,3722.92863534,10,130392243579125904
719,0,303585,25,1423.0782412,172.072091686,10,130388807605289036
720,0,303585,25,1100.11084022,1316.83274619,10,130388807605289054
721,0,303585,25,1882.58679383,1599.21886291,10,130388807605289059
722,0,303585,25,1871.07188957,2605.26026836,10,130388807605289067
723,0,303585,25,88.9338672706,2765.01730257,10,130388807605289068
724,0,303585,25,1724.908074,3048.89331264,10,130388807605289073
725,0,303585,25,827.90221599,3250.00219407,10,130388807605289076
726,0,303585,25,129.100252018,3697.00489396,10,130388807605289083
727,0,303585,25,122.342858199,3962.04204717,10,130388807605289087
728,0,303601,25,225.814912455,98.684397753,10,130395679552962672
729,0,303601,25,1403.06188839,120.80032618,10,130395679552962673
730,0,303601,25,1516.43909008,1003.78027699,10,130395679552962686
731,0,303601,25,65.1802036606,1104.33569582,10,130395679552962689
732,0,303601,25,833.966665819,1123.72955095,10,130395679552962690
733,0,303601,25,1738.0307624,1121.59838067,10,130395679552962691
734,0,303601,25,946.939032402,1242.380248,10,130395679552962694
735,0,303601,25,1088.03760533,1301.20129008,10,130395679552962696
736,0,303601,25,1336.35339993,1581.76940353,10,130395679552962701
737,0,303601,25,1873.65148361,1588.08288485,10,130395679552962702
738,0,303601,25,584.127073084,1656.68823682,10,130395679552962703
739,0,303601,25,1900.57419337,1729.02633985,10,130395679552962705
740,0,303601,25,1631.44185425,1759.19937218,10,130395679552962706
741,0,303601,25,88.7228844838,1777.024061,10,130395679552962708
742,0,303601,25,1957.73546757,2173.758063,10,130395679552962711
743,0,303601,25,1308.73950446,2208.51391474,10,130395679552962712
744,0,303601,25,272.458757447,2314.01197155,10,130395679552962713
745,0,303601,25,1651.79344968,2437.37281197,10,130395679552962716
746,0,303601,25,1861.13793165,2595.25611405,10,130395679552962718
747,0,303601,25,73.7444537615,2715.92896487,10,130395679552962719
748,0,303601,25,1003.69440147,2799.76195568,10,130395679552962721
749,0,303601,25,1913.87059958,2960.39527181,10,130395679552962724
750,0,303601,25,1444.39771683,3025.64687859,10,130395679552962726
751,0,303601,25,1715.61912929,3038.77125296,10,130395679552962727
752,0,303601,25,42.5551426656,3091.82749572,10,130395679552962729
753,0,303601,25,795.938666651,3205.00145462,10,130395679552962731
754,0,303601,25,1744.47620688,3246.75136936,10,130395679552962732
755,0,303601,25,1168.9273619,3257.21826428,10,130395679552962733
756,0,303601,25,1795.82005797,3290.98584985,10,130395679552962735
757,0,303601,25,488.834491004,3363.11570942,10,130395679552962737
758,0,303601,25,104.921753704,3654.07568125,10,130395679552962741
759,0,303601,25,430.439405849,3695.83251218,10,130395679552962742
760,0,303601,25,406.644916523,3711.87645554,10,130395679552962743
761,0,303601,25,1094.15709419,3718.29102344,10,130395679552962744
762,0,303601,25,115.524903116,3951.63946895,10,130395679552962748
763,0,303589,25,251.642543586,106.686711734,10,130390525592207453
764,0,303589,25,1437.17515678,158.276776894,10,130390525592207454
765,0,303589,25,838.104239313,811.068975809,10,130390525592207464
766,0,303589,25,1763.81580578,1124.47436538,10,130390525592207471
767,0,303589,25,856.184194478,1131.93860165,10,130390525592207472
768,0,303589,25,1116.08617266,1307.96435457,10,130390525592207476
769,0,303589,25,1661.37415069,1376.90019987,10,130390525592207477
770,0,303589,25,1784.04127028,1581.10949377,10,130390525592207482
771,0,303589,25,1655.02055303,1766.97594867,10,130390525592207484
772,0,303589,25,1759.21863419,1887.16979656,10,130390525592207486
773,0,303589,25,453.053887086,2054.96679183,10,130390525592207488
774,0,303589,25,102.974339908,2752.84472969,10,130390525592207493
775,0,303589,25,1469.05457643,3032.99512353,10,130390525592207498
776,0,303589,25,1115.34032768,3048.61157883,10,130390525592207499
777,0,303589,25,837.907381817,3238.01831525,10,130390525592207502
778,0,303589,25,1519.02076676,3259.7780814,10,130390525592207503
779,0,303589,25,1816.97606522,3298.85815972,10,130390525592207504
780,0,303589,25,511.575578528,3368.47676861,10,130390525592207506
781,0,303589,25,140.938603128,3685.9387178,10,130390525592207511
782,0,303589,25,453.818350916,3701.68452434,10,130390525592207512
783,0,303589,25,142.044787483,3957.78954608,10,130390525592207516
784,0,303589,25,1467.13454689,4041.00316288,10,130390525592207518
785,0,303597,25,243.640709874,101.605169338,10,130393961566044255
786,0,303597,25,1422.33676526,133.171268578,10,130393961566044256
787,0,303597,25,1102.1687112,611.530561853,10,130393961566044264
788,0,303597,25,828.949161593,806.770186898,10,130393961566044267
789,0,303597,25,82.9669799378,1106.63683407,10,130393961566044273
790,0,303597,25,851.953737568,1127.21788154,10,130393961566044274
791,0,303597,25,1107.91078715,1303.73716364,10,130393961566044278
792,0,303597,25,1653.34705997,1371.40280681,10,130393961566044279
793,0,303597,25,104.17157047,1779.26978632,10,130393961566044286
794,0,303597,25,367.787313619,2422.05201443,10,130393961566044291
795,0,303597,25,91.794071715,2728.06836593,10,130393961566044293
796,0,303597,25,126.930313857,2800.30517868,10,130393961566044295
797,0,303597,25,1017.8409955,2802.04345048,10,130393961566044296
798,0,303597,25,1929.99118664,2963.24097051,10,130393961566044299
799,0,303597,25,1460.97889142,3029.0048768,10,130393961566044301
800,0,303597,25,1731.11887855,3040.37646532,10,130393961566044302
801,0,303597,25,1107.96023947,3042.57636176,10,130393961566044303
802,0,303597,25,59.2885338012,3093.52985506,10,130393961566044305
803,0,303597,25,818.012480891,3215.9389526,10,130393961566044307
804,0,303597,25,1185.14270439,3260.12890302,10,130393961566044308
805,0,303597,25,506.655419284,3365.72409328,10,130393961566044310
806,0,303597,25,125.02648802,3664.09862666,10,130393961566044315
807,0,303597,25,283.037734299,3720.08664878,10,130393961566044316
808,0,303597,25,1110.80200362,3720.47120785,10,130393961566044317
809,0,303585,25,1423.0782412,172.072091686,10,130388807605289036
810,0,303585,25,1100.11084022,1316.83274619,10,130388807605289054
811,0,303585,25,1882.58679383,1599.21886291,10,130388807605289059
812,0,303585,25,1871.07188957,2605.26026836,10,130388807605289067
813,0,303585,25,88.9338672706,2765.01730257,10,130388807605289068
814,0,303585,25,1724.908074,3048.89331264,10,130388807605289073
815,0,303585,25,827.90221599,3250.00219407,10,130388807605289076
816,0,303585,25,129.100252018,3697.00489396,10,130388807605289083
817,0,303585,25,122.342858199,3962.04204717,10,130388807605289087
818,0,303593,25,255.437562699,106.777284839,10,130392243579125847
819,0,303593,25,1437.99729444,148.900757147,10,130392243579125849
820,0,303593,25,842.985180723,812.70714957,10,130392243579125859
821,0,303593,25,1544.99424094,1009.15582299,10,130392243579125863
822,0,303593,25,862.073684939,1133.07298535,10,130392243579125865
823,0,303593,25,1664.30589453,1377.72862911,10,130392243579125869
824,0,303593,25,615.774358026,1662.63708399,10,130392243579125874
825,0,303593,25,1658.90994558,1767.22222969,10,130392243579125876
826,0,303593,25,301.679830281,2320.9572782,10,130392243579125880
827,0,303593,25,1890.78149054,2603.74439835,10,130392243579125884
828,0,303593,25,105.031429646,2742.90427203,10,130392243579125885
829,0,303593,25,1472.8971067,3033.92944826,10,130392243579125890
830,0,303593,25,1743.93921506,3045.96069701,10,130392243579125891
831,0,303593,25,71.7762101394,3097.43013939,10,130392243579125893
832,0,303593,25,835.932603006,3229.97583906,10,130392243579125895
833,0,303593,25,1195.00903781,3266.64087898,10,130392243579125896
834,0,303593,25,1823.09872244,3298.05800526,10,130392243579125897
835,0,303593,25,140.988253986,3678.01684607,10,130392243579125903
836,0,303593,25,1122.49590242,3722.92863534,10,130392243579125904
837,0,303601,25,225.814912455,98.684397753,10,130395679552962672
838,0,303601,25,1403.06188839,120.80032618,10,130395679552962673
839,0,303601,25,1516.43909008,1003.78027699,10,130395679552962686
840,0,303601,25,65.1802036606,1104.33569582,10,130395679552962689
841,0,303601,25,833.966665819,1123.72955095,10,130395679552962690
842,0,303601,25,1738.0307624,1121.59838067,10,130395679552962691
843,0,303601,25,946.939032402,1242.380248,10,130395679552962694
844,0,303601,25,1088.03760533,1301.20129008,10,130395679552962696
845,0,303601,25,1336.35339993,1581.76940353,10,130395679552962701
846,0,303601,25,1873.65148361,1588.08288485,10,130395679552962702
847,0,303601,25,584.127073084,1656.68823682,10,130395679552962703
848,0,303601,25,1900.57419337,1729.02633985,10,130395679552962705
849,0,303601,25,1631.44185425,1759.19937218,10,130395679552962706
850,0,303601,25,88.7228844838,1777.024061,10,130395679552962708
851,0,303601,25,1957.73546757,2173.758063,10,130395679552962711
852,0,303601,25,1308.73950446,2208.51391474,10,130395679552962712
853,0,303601,25,272.458757447,2314.01197155,10,130395679552962713
854,0,303601,25,1651.79344968,2437.37281197,10,130395679552962716
855,0,303601,25,1861.13793165,2595.25611405,10,130395679552962718
856,0,303601,25,73.7444537615,2715.92896487,10,130395679552962719
857,0,303601,25,1003.69440147,2799.76195568,10,130395679552962721
858,0,303601,25,1913.87059958,2960.39527181,10,130395679552962724
859,0,303601,25,1444.39771683,3025.64687859,10,130395679552962726
860,0,303601,25,1715.61912929,3038.77125296,10,130395679552962727
861,0,303601,25,42.5551426656,3091.82749572,10,130395679552962729
862,0,303601,25,795.938666651,3205.00145462,10,130395679552962731
863,0,303601,25,1744.47620688,3246.75136936,10,130395679552962732
864,0,303601,25,1168.9273619,3257.21826428,10,130395679552962733
865,0,303601,25,1795.82005797,3290.98584985,10,130395679552962735
866,0,303601,25,488.834491004,3363.11570942,10,130395679552962737
867,0,303601,25,104.921753704,3654.07568125,10,130395679552962741
868,0,303601,25,430.439405849,3695.83251218,10,130395679552962742
869,0,303601,25,406.644916523,3711.87645554,10,130395679552962743
870,0,303601,25,1094.15709419,3718.29102344,10,130395679552962744
871,0,303601,25,115.524903116,3951.63946895,10,130395679552962748
872,0,303601,25,225.814912455,98.684397753,10,130395679552962672
873,0,303601,25,1403.06188839,120.80032618,10,130395679552962673
874,0,303601,25,1516.43909008,1003.78027699,10,130395679552962686
875,0,303601,25,65.1802036606,1104.33569582,10,130395679552962689
876,0,303601,25,833.966665819,1123.72955095,10,130395679552962690
877,0,303601,25,1738.0307624,1121.59838067,10,130395679552962691
878,0,303601,25,946.939032402,1242.380248,10,130395679552962694
879,0,303601,25,1088.03760533,1301.20129008,10,130395679552962696
880,0,303601,25,1336.35339993,1581.76940353,10,130395679552962701
881,0,303601,25,1873.65148361,1588.08288485,10,130395679552962702
882,0,303601,25,584.127073084,1656.68823682,10,130395679552962703
883,0,303601,25,1900.57419337,1729.02633985,10,130395679552962705
884,0,303601,25,1631.44185425,1759.19937218,10,130395679552962706
885,0,303601,25,88.7228844838,1777.024061,10,130395679552962708
886,0,303601,25,1957.73546757,2173.758063,10,130395679552962711
887,0,303601,25,1308.73950446,2208.51391474,10,130395679552962712
888,0,303601,25,272.458757447,2314.01197155,10,130395679552962713
889,0,303601,25,1651.79344968,2437.37281197,10,130395679552962716
890,0,303601,25,1861.13793165,2595.25611405,10,130395679552962718
891,0,303601,25,73.7444537615,2715.92896487,10,130395679552962719
892,0,303601,25,1003.69440147,2799.76195568,10,130395679552962721
893,0,303601,25,1913.87059958,2960.39527181,10,130395679552962724
894,0,303601,25,1444.39771683,3025.64687859,10,130395679552962726
895,0,303601,25,1715.61912929,3038.77125296,10,130395679552962727
896,0,303601,25,42.5551426656,3091.82749572,10,130395679552962729
897,0,303601,25,795.938666651,3205.00145462,10,130395679552962731
898,0,303601,25,1744.47620688,3246.75136936,10,130395679552962732
899,0,303601,25,1168.9273619,3257.21826428,10,130395679552962733
900,0,303601,25,1795.82005797,3290.98584985,10,130395679552962735
901,0,303601,25,488.834491004,3363.11570942,10,130395679552962737
902,0,303601,25,104.921753704,3654.07568125,10,130395679552962741
903,0,303601,25,430.439405849,3695.83251218,10,130395679552962742
904,0,303601,25,406.644916523,3711.87645554,10,130395679552962743
905,0,303601,25,1094.15709419,3718.29102344,10,130395679552962744
906,0,303601,25,115.524903116,3951.63946895,10,130395679552962748
907,0,303589,25,251.642543586,106.686711734,10,130390525592207453
908,0,303589,25,1437.17515678,158.276776894,10,130390525592207454
909,0,303589,25,838.104239313,811.068975809,10,130390525592207464
910,0,303589,25,1763.81580578,1124.47436538,10,130390525592207471
911,0,303589,25,856.184194478,1131.93860165,10,130390525592207472
912,0,303589,25,1116.08617266,1307.96435457,10,130390525592207476
913,0,303589,25,1661.37415069,1376.90019987,10,130390525592207477
914,0,303589,25,1784.04127028,1581.10949377,10,130390525592207482
915,0,303589,25,1655.02055303,1766.97594867,10,130390525592207484
916,0,303589,25,1759.21863419,1887.16979656,10,130390525592207486
917,0,303589,25,453.053887086,2054.96679183,10,130390525592207488
918,0,303589,25,102.974339908,2752.84472969,10,130390525592207493
919,0,303589,25,1469.05457643,3032.99512353,10,130390525592207498
920,0,303589,25,1115.34032768,3048.61157883,10,130390525592207499
921,0,303589,25,837.907381817,3238.01831525,10,130390525592207502
922,0,303589,25,1519.02076676,3259.7780814,10,130390525592207503
923,0,303589,25,1816.97606522,3298.85815972,10,130390525592207504
924,0,303589,25,511.575578528,3368.47676861,10,130390525592207506
925,0,303589,25,140.938603128,3685.9387178,10,130390525592207511
926,0,303589,25,453.818350916,3701.68452434,10,130390525592207512
927,0,303589,25,142.044787483,3957.78954608,10,130390525592207516
928,0,303589,25,1467.13454689,4041.00316288,10,130390525592207518
929,0,303597,25,243.640709874,101.605169338,10,130393961566044255
930,0,303597,25,1422.33676526,133.171268578,10,130393961566044256
931,0,303597,25,1102.1687112,611.530561853,10,130393961566044264
932,0,303597,25,828.949161593,806.770186898,10,130393961566044267
933,0,303597,25,82.9669799378,1106.63683407,10,130393961566044273
934,0,303597,25,851.953737568,1127.21788154,10,130393961566044274
935,0,303597,25,1107.91078715,1303.73716364,10,130393961566044278
936,0,303597,25,1653.34705997,1371.40280681,10,130393961566044279
937,0,303597,25,104.17157047,1779.26978632,10,130393961566044286
938,0,303597,25,367.787313619,2422.05201443,10,130393961566044291
939,0,303597,25,91.794071715,2728.06836593,10,130393961566044293
940,0,303597,25,126.930313857,2800.30517868,10,130393961566044295
941,0,303597,25,1017.8409955,2802.04345048,10,130393961566044296
942,0,303597,25,1929.99118664,2963.24097051,10,130393961566044299
943,0,303597,25,1460.97889142,3029.0048768,10,130393961566044301
944,0,303597,25,1731.11887855,3040.37646532,10,130393961566044302
945,0,303597,25,1107.96023947,3042.57636176,10,130393961566044303
946,0,303597,25,59.2885338012,3093.52985506,10,130393961566044305
947,0,303597,25,818.012480891,3215.9389526,10,130393961566044307
948,0,303597,25,1185.14270439,3260.12890302,10,130393961566044308
949,0,303597,25,506.655419284,3365.72409328,10,130393961566044310
950,0,303597,25,125.02648802,3664.09862666,10,130393961566044315
951,0,303597,25,283.037734299,3720.08664878,10,130393961566044316
952,0,303597,25,1110.80200362,3720.47120785,10,130393961566044317
953,0,303585,25,1423.0782412,172.072091686,10,130388807605289036
954,0,303585,25,1100.11084022,1316.83274619,10,130388807605289054
955,0,303585,25,1882.58679383,1599.21886291,10,130388807605289059
956,0,303585,25,1871.07188957,2605.26026836,10,130388807605289067
957,0,303585,25,88.9338672706,2765.01730257,10,130388807605289068
958,0,303585,25,1724.908074,3048.89331264,10,130388807605289073
959,0,303585,25,827.90221599,3250.00219407,10,130388807605289076
960,0,303585,25,129.100252018,3697.00489396,10,130388807605289083
961,0,303585,25,122.342858199,3962.04204717,10,130388807605289087
962,0,303593,25,255.437562699,106.777284839,10,130392243579125847
963,0,303593,25,1437.99729444,148.900757147,10,130392243579125849
964,0,303593,25,842.985180723,812.70714957,10,130392243579125859
965,0,303593,25,1544.99424094,1009.15582299,10,130392243579125863
966,0,303593,25,862.073684939,1133.07298535,10,130392243579125865
967,0,303593,25,1664.30589453,1377.72862911,10,130392243579125869
968,0,303593,25,615.774358026,1662.63708399,10,130392243579125874
969,0,303593,25,1658.90994558,1767.22222969,10,130392243579125876
970,0,303593,25,301.679830281,2320.9572782,10,130392243579125880
971,0,303593,25,1890.78149054,2603.74439835,10,130392243579125884
972,0,303593,25,105.031429646,2742.90427203,10,130392243579125885
973,0,303593,25,1472.8971067,3033.92944826,10,130392243579125890
974,0,303593,25,1743.93921506,3045.96069701,10,130392243579125891
975,0,303593,25,71.7762101394,3097.43013939,10,130392243579125893
976,0,303593,25,835.932603006,3229.97583906,10,130392243579125895
977,0,303593,25,1195.00903781,3266.64087898,10,130392243579125896
978,0,303593,25,1823.09872244,3298.05800526,10,130392243579125897
979,0,303593,25,140.988253986,3678.01684607,10,130392243579125903
980,0,303593,25,1122.49590242,3722.92863534,10,130392243579125904
981,0,303589,25,251.642543586,106.686711734,10,130390525592207453
982,0,303589,25,1437.17515678,158.276776894,10,130390525592207454
983,0,303589,25,838.104239313,811.068975809,10,130390525592207464
984,0,303589,25,1763.81580578,1124.47436538,10,130390525592207471
985,0,303589,25,856.184194478,1131.93860165,10,130390525592207472
986,0,303589,25,1116.08617266,1307.96435457,10,130390525592207476
987,0,303589,25,1661.37415069,1376.90019987,10,130390525592207477
988,0,303589,25,1784.04127028,1581.10949377,10,130390525592207482
989,0,303589,25,1655.02055303,1766.97594867,10,130390525592207484
990,0,303589,25,1759.21863419,1887.16979656,10,130390525592207486
991,0,303589,25,453.053887086,2054.96679183,10,130390525592207488
992,0,303589,25,102.974339908,2752.84472969,10,130390525592207493
993,0,303589,25,1469.05457643,3032.99512353,10,130390525592207498
994,0,303589,25,1115.34032768,3048.61157883,10,130390525592207499
995,0,303589,25,837.907381817,3238.01831525,10,130390525592207502
996,0,303589,25,1519.02076676,3259.7780814,10,130390525592207503
997,0,303589,25,1816.97606522,3298.85815972,10,130390525592207504
998,0,303589,25,511.575578528,3368.47676861,10,130390525592207506
999,0,303589,25,140.938603128,3685.9387178,10,130390525592207511
1000,0,303589,25,453.818350916,3701.68452434,10,130390525592207512
